CVE,Avis,Titre
CVE-2023-32233,CERTFR-2023-AVI-0840,Multiples vulnérabilités dans le noyau Linux de RedHat
CVE-2023-32233,CERTFR-2023-AVI-0840,Multiples vulnérabilités dans le noyau Linux de RedHat
CVE-2023-32233,CERTFR-2023-AVI-0840,Multiples vulnérabilités dans le noyau Linux de RedHat
CVE-2023-32233,CERTFR-2023-AVI-0840,Multiples vulnérabilités dans le noyau Linux de RedHat
CVE-2023-32233,CERTFR-2023-AVI-0840,Multiples vulnérabilités dans le noyau Linux de RedHat
CVE-2015-8553,CERTFR-2019-AVI-392,Multiples vulnérabilités dans le noyau Linux de Debian
CVE-2015-8553,CERTFR-2019-AVI-392,Multiples vulnérabilités dans le noyau Linux de Debian
CVE-2015-8553,CERTFR-2019-AVI-392,Multiples vulnérabilités dans le noyau Linux de Debian
CVE-2019-14763,CERTFR-2019-AVI-419,Multiples vulnérabilités dans le noyau Linux d’Ubuntu
CVE-2019-14763,CERTFR-2019-AVI-419,Multiples vulnérabilités dans le noyau Linux d’Ubuntu
CVE-2019-15221,CERTFR-2020-AVI-243,Multiples vulnérabilités dans le noyau Linux de Red Hat
CVE-2019-15221,CERTFR-2020-AVI-243,Multiples vulnérabilités dans le noyau Linux de Red Hat
CVE-2019-15221,CERTFR-2020-AVI-243,Multiples vulnérabilités dans le noyau Linux de Red Hat
CVE-2019-15211,CERTFR-2020-AVI-121,Multiples vulnérabilités dans Google Android
